{
    "id": "29dcb28d-232a-4f7b-a0d8-61ee0db8518b",
    "created_at": "0001-01-01T00:00:00Z",
    "update_at": "0001-01-01T00:00:00Z",
    "global_timeout": 0,
    "tunnel_name": "",
    "start_time": "0001-01-01T00:00:00Z",
    "end_time": "0001-01-01T00:00:00Z",
    "summary": {
        "total_time": 0,
        "execution_time": 0,
        "total_tasks": 0,
        "build_time_consumed": 0,
        "jobTestExecutionTime": "",
        "failed_tasks": 0,
        "total_stage_info": {
            "postrun": {
                "StageFailedPercent": 100,
                "StagePassPercent": 0,
                "TotalStage": 1
            },
            "prerun": {
                "StageFailedPercent": 0,
                "StagePassPercent": 100,
                "TotalStage": 1
            },
            "scenario": {
                "StageFailedPercent": 100,
                "StagePassPercent": 0,
                "TotalStage": 1
            }
        },
        "status": "aborted",
        "job_link": "https://hyperexecute.lambdatest.com/hyperexecute/task?jobId=29dcb28d-232a-4f7b-a0d8-61ee0db8518b"
    },
    "tasks": [],
    "test_ids": null
}